pdb,chain,res_id,residue,DiscoTope-3.0_score,calibrated_score,epitope,rsa,pLDDTs,length,alphafold_struc_flag
ref001_A,A,1,M,0.12056,-0.37028,False,1.33756,51.66,270,1
ref001_A,A,2,A,0.08143,-0.78578,False,0.83164,44.25,270,1
ref001_A,A,3,P,0.08368,-0.76189,False,0.88112,50.75,270,1
ref001_A,A,4,I,0.10175,-0.57001,False,0.74140,54.44,270,1
ref001_A,A,5,F,0.11180,-0.46330,False,0.86994,49.78,270,1
ref001_A,A,6,K,0.15633,0.00955,False,0.80069,45.31,270,1
ref001_A,A,7,S,0.13443,-0.22300,False,0.73729,45.47,270,1
ref001_A,A,8,L,0.13616,-0.20463,False,1.10485,49.06,270,1
ref001_A,A,9,A,0.09482,-0.64360,False,0.80241,46.53,270,1
ref001_A,A,10,L,0.12127,-0.36274,False,0.99871,37.59,270,1
ref001_A,A,11,V,0.12995,-0.27057,False,1.02293,42.91,270,1
ref001_A,A,12,S,0.12476,-0.32568,False,0.55677,43.84,270,1
ref001_A,A,13,A,0.12671,-0.30497,False,0.96758,40.31,270,1
ref001_A,A,14,L,0.10175,-0.57001,False,0.89023,40.91,270,1
ref001_A,A,15,F,0.11363,-0.44386,False,1.12958,42.44,270,1
ref001_A,A,16,A,0.10378,-0.54846,False,0.75656,36.53,270,1
ref001_A,A,17,A,0.14237,-0.13868,False,0.84176,36.53,270,1
ref001_A,A,18,I,0.13562,-0.21036,False,1.04384,45.25,270,1
ref001_A,A,19,S,0.09542,-0.63723,False,0.84207,41.75,270,1
ref001_A,A,20,S,0.10482,-0.53741,False,0.77015,48.31,270,1
ref001_A,A,21,A,0.12349,-0.33916,False,1.00182,42.62,270,1
ref001_A,A,22,A,0.08015,-0.79937,False,0.60878,50.03,270,1
ref001_A,A,23,P,0.11937,-0.38291,False,0.98043,46.97,270,1
ref001_A,A,24,V,0.12248,-0.34989,False,0.83161,47.22,270,1
ref001_A,A,25,N,0.16626,0.11500,False,0.65600,47.97,270,1
ref001_A,A,26,L,0.18774,0.34308,False,0.99954,49.12,270,1
ref001_A,A,27,D,0.11943,-0.38227,False,0.80700,54.0,270,1
ref001_A,A,28,K,0.17313,0.18795,False,0.88075,46.62,270,1
ref001_A,A,29,R,0.16148,0.06424,False,0.93509,50.06,270,1
ref001_A,A,30,E,0.11403,-0.43962,False,0.79127,55.91,270,1
ref001_A,A,31,V,0.07186,-0.88740,False,0.91468,55.44,270,1
ref001_A,A,32,D,0.12687,-0.30327,False,0.78805,53.84,270,1
ref001_A,A,33,V,0.07701,-0.83272,False,0.61619,59.22,270,1
ref001_A,A,34,V,0.11337,-0.44662,False,0.87817,69.31,270,1
ref001_A,A,35,W,0.09915,-0.59762,False,0.94733,61.0,270,1
ref001_A,A,36,T,0.07817,-0.82040,False,0.74919,68.44,270,1
ref001_A,A,37,T,0.06918,-0.91586,False,0.88689,82.62,270,1
ref001_A,A,38,V,0.09479,-0.64392,False,0.81489,69.0,270,1
ref001_A,A,39,T,0.08503,-0.74756,False,0.80599,80.38,270,1
ref001_A,A,40,T,0.07126,-0.89377,False,0.74663,76.94,270,1
ref001_A,A,41,V,0.08041,-0.79661,False,0.75983,80.5,270,1
ref001_A,A,42,V,0.10397,-0.54644,False,0.87405,79.12,270,1
ref001_A,A,43,W,0.14206,-0.14198,False,0.99846,75.88,270,1
ref001_A,A,44,T,0.07626,-0.84068,False,0.75026,78.81,270,1
ref001_A,A,45,T,0.10962,-0.48644,False,0.90342,76.94,270,1
ref001_A,A,46,I,0.08032,-0.79757,False,0.80910,80.44,270,1
ref001_A,A,47,D,0.10667,-0.51777,False,0.82236,71.44,270,1
ref001_A,A,48,V,0.11315,-0.44896,False,0.86813,75.25,270,1
ref001_A,A,49,T,0.14873,-0.07115,False,0.90201,77.44,270,1
ref001_A,A,50,T,0.09949,-0.59401,False,0.68144,71.5,270,1
ref001_A,A,51,T,0.08419,-0.75648,False,0.58334,74.19,270,1
ref001_A,A,52,I,0.22961,0.78769,False,0.91906,62.84,270,1
ref001_A,A,53,Y,0.17288,0.18529,False,0.72046,59.44,270,1
ref001_A,A,54,P,0.25775,1.08649,True,1.01215,52.38,270,1
ref001_A,A,55,T,0.16452,0.09652,False,0.69141,60.53,270,1
ref001_A,A,56,P,0.27022,1.21891,True,1.01010,52.09,270,1
ref001_A,A,57,Q,0.15386,-0.01668,False,0.82767,51.34,270,1
ref001_A,A,58,A,0.15598,0.00584,False,0.94462,49.34,270,1
ref001_A,A,59,P,0.19037,0.37101,False,0.78779,50.75,270,1
ref001_A,A,60,T,0.16355,0.08622,False,0.89564,51.22,270,1
ref001_A,A,61,P,0.19020,0.36921,False,0.79658,54.06,270,1
ref001_A,A,62,P,0.13439,-0.22342,False,0.83415,49.72,270,1
ref001_A,A,63,V,0.12952,-0.27513,False,0.91040,46.25,270,1
ref001_A,A,64,V,0.13187,-0.25018,False,0.85669,48.59,270,1
ref001_A,A,65,E,0.17904,0.25070,False,0.69657,45.53,270,1
ref001_A,A,66,S,0.16136,0.06296,False,0.71190,42.84,270,1
ref001_A,A,67,T,0.19996,0.47284,False,0.72534,42.03,270,1
ref001_A,A,68,P,0.16197,0.06944,False,0.84262,43.38,270,1
ref001_A,A,69,T,0.12455,-0.32791,False,0.81691,45.25,270,1
ref001_A,A,70,P,0.15488,-0.00584,False,0.85346,42.19,270,1
ref001_A,A,71,T,0.11204,-0.46075,False,0.78761,46.94,270,1
ref001_A,A,72,P,0.16991,0.15375,False,0.83545,43.5,270,1
ref001_A,A,73,S,0.12176,-0.35753,False,0.79224,42.5,270,1
ref001_A,A,74,A,0.18219,0.28415,False,0.92184,41.84,270,1
ref001_A,A,75,A,0.14885,-0.06987,False,0.68816,44.22,270,1
ref001_A,A,76,P,0.16766,0.12986,False,0.95323,37.62,270,1
ref001_A,A,77,E,0.18075,0.26886,False,0.87341,45.72,270,1
ref001_A,A,78,Q,0.14003,-0.16353,False,0.80362,40.66,270,1
ref001_A,A,79,A,0.13188,-0.25007,False,0.88503,44.44,270,1
ref001_A,A,80,E,0.13317,-0.23637,False,0.76089,52.34,270,1
ref001_A,A,81,P,0.11346,-0.44567,False,0.89030,37.47,270,1
ref001_A,A,82,I,0.15514,-0.00308,False,1.01584,46.69,270,1
ref001_A,A,83,E,0.14410,-0.12031,False,0.84097,43.22,270,1
ref001_A,A,84,T,0.10426,-0.54336,False,0.83234,39.28,270,1
ref001_A,A,85,S,0.08927,-0.70253,False,0.81627,42.31,270,1
ref001_A,A,86,T,0.11766,-0.40107,False,0.82486,37.22,270,1
ref001_A,A,87,Q,0.09820,-0.60771,False,0.86041,37.22,270,1
ref001_A,A,88,P,0.12558,-0.31697,False,0.83045,40.62,270,1
ref001_A,A,89,E,0.13753,-0.19008,False,0.87278,37.56,270,1
ref001_A,A,90,T,0.12585,-0.31410,False,0.87690,38.56,270,1
ref001_A,A,91,T,0.14506,-0.11012,False,0.85353,35.66,270,1
ref001_A,A,92,K,0.12825,-0.28862,False,0.90213,38.0,270,1
ref001_A,A,93,S,0.14148,-0.14813,False,0.65196,39.03,270,1
ref001_A,A,94,Q,0.19326,0.40170,False,0.83611,47.62,270,1
ref001_A,A,95,P,0.09501,-0.64158,False,0.67208,47.72,270,1
ref001_A,A,96,T,0.22105,0.69679,False,0.90474,36.41,270,1
ref001_A,A,97,Q,0.21605,0.64370,False,0.85426,41.28,270,1
ref001_A,A,98,P,0.10228,-0.56438,False,0.77491,46.09,270,1
ref001_A,A,99,S,0.16079,0.05691,False,0.85666,45.09,270,1
ref001_A,A,100,V,0.11270,-0.45374,False,1.00015,42.56,270,1
ref001_A,A,101,A,0.15142,-0.04258,False,0.88053,46.53,270,1
ref001_A,A,102,T,0.12233,-0.35148,False,0.71900,42.69,270,1
ref001_A,A,103,F,0.21180,0.59857,False,0.94092,45.72,270,1
ref001_A,A,104,I,0.09912,-0.59794,False,0.82383,54.94,270,1
ref001_A,A,105,P,0.09398,-0.65252,False,0.90708,40.0,270,1
ref001_A,A,106,V,0.10179,-0.56959,False,1.05640,53.47,270,1
ref001_A,A,107,A,0.10378,-0.54846,False,0.84188,45.72,270,1
ref001_A,A,108,A,0.17392,0.19633,False,0.95786,46.81,270,1
ref001_A,A,109,A,0.10105,-0.57745,False,0.91846,45.66,270,1
ref001_A,A,110,A,0.14637,-0.09621,False,0.95718,45.59,270,1
ref001_A,A,111,A,0.16627,0.11510,False,0.96760,42.94,270,1
ref001_A,A,112,A,0.14355,-0.12615,False,0.98969,43.34,270,1
ref001_A,A,113,A,0.12213,-0.35360,False,0.97847,48.41,270,1
ref001_A,A,114,D,0.14802,-0.07869,False,0.89295,40.62,270,1
ref001_A,A,115,S,0.17060,0.16108,False,0.85284,52.91,270,1
ref001_A,A,116,A,0.17849,0.24486,False,0.94721,43.38,270,1
ref001_A,A,117,A,0.16838,0.13751,False,0.95714,59.84,270,1
ref001_A,A,118,P,0.09710,-0.61939,False,0.89262,56.91,270,1
ref001_A,A,119,I,0.12513,-0.32175,False,0.94740,55.59,270,1
ref001_A,A,120,P,0.16380,0.08887,False,0.92753,63.16,270,1
ref001_A,A,121,E,0.18566,0.32100,False,0.81884,57.25,270,1
ref001_A,A,122,E,0.14780,-0.08102,False,0.79659,56.72,270,1
ref001_A,A,123,P,0.18543,0.31856,False,0.92810,55.75,270,1
ref001_A,A,124,A,0.14035,-0.16013,False,0.82423,59.19,270,1
ref001_A,A,125,P,0.11611,-0.41753,False,0.90687,52.0,270,1
ref001_A,A,126,Q,0.16473,0.09875,False,0.91674,56.81,270,1
ref001_A,A,127,P,0.15924,0.04045,False,0.89396,49.59,270,1
ref001_A,A,128,A,0.14597,-0.10046,False,0.86341,48.38,270,1
ref001_A,A,129,T,0.12912,-0.27938,False,0.87837,47.94,270,1
ref001_A,A,130,T,0.16644,0.11691,False,0.88325,44.19,270,1
ref001_A,A,131,A,0.18934,0.36007,False,0.91990,47.47,270,1
ref001_A,A,132,A,0.10961,-0.48655,False,0.87912,51.59,270,1
ref001_A,A,133,P,0.14604,-0.09971,False,0.88657,56.16,270,1
ref001_A,A,134,S,0.15953,0.04353,False,0.80225,47.41,270,1
ref001_A,A,135,T,0.07922,-0.80925,False,0.91782,45.0,270,1
ref001_A,A,136,S,0.14913,-0.06690,False,0.81816,48.84,270,1
ref001_A,A,137,T,0.07813,-0.82082,False,0.90491,45.53,270,1
ref001_A,A,138,T,0.19701,0.44152,False,0.85217,46.59,270,1
ref001_A,A,139,T,0.14697,-0.08984,False,0.74789,46.28,270,1
ref001_A,A,140,Q,0.16862,0.14006,False,0.83805,52.12,270,1
ref001_A,A,141,A,0.13186,-0.25029,False,0.90098,47.03,270,1
ref001_A,A,142,A,0.10300,-0.55674,False,0.88432,53.94,270,1
ref001_A,A,143,P,0.19534,0.42379,False,0.91159,52.31,270,1
ref001_A,A,144,S,0.14552,-0.10523,False,0.83758,47.69,270,1
ref001_A,A,145,A,0.09925,-0.59656,False,0.91143,47.84,270,1
ref001_A,A,146,P,0.15371,-0.01827,False,0.86701,62.69,270,1
ref001_A,A,147,P,0.16722,0.12519,False,0.91553,52.25,270,1
ref001_A,A,148,A,0.09183,-0.67535,False,0.93784,45.25,270,1
ref001_A,A,149,A,0.10376,-0.54867,False,0.91859,43.62,270,1
ref001_A,A,150,N,0.12813,-0.28989,False,0.92516,48.25,270,1
ref001_A,A,151,S,0.16747,0.12784,False,0.86823,45.44,270,1
ref001_A,A,152,G,0.14081,-0.15525,False,0.89019,34.31,270,1
ref001_A,A,153,S,0.19283,0.39713,False,0.82338,43.44,270,1
ref001_A,A,154,T,0.13423,-0.22512,False,0.93122,35.78,270,1
ref001_A,A,155,E,0.18819,0.34786,False,0.85517,40.06,270,1
ref001_A,A,156,K,0.14878,-0.07062,False,0.92956,31.75,270,1
ref001_A,A,157,A,0.13741,-0.19135,False,0.85762,38.06,270,1
ref001_A,A,158,A,0.12565,-0.31623,False,0.86138,35.72,270,1
ref001_A,A,159,S,0.14969,-0.06095,False,0.74670,42.16,270,1
ref001_A,A,160,S,0.18152,0.27704,False,0.79777,47.75,270,1
ref001_A,A,161,G,0.28010,1.32382,True,0.76900,46.09,270,1
ref001_A,A,162,Y,0.16189,0.06859,False,0.24308,51.16,270,1
ref001_A,A,163,S,0.27064,1.22337,True,0.91491,58.84,270,1
ref001_A,A,164,G,0.18632,0.32801,False,0.23039,71.25,270,1
ref001_A,A,165,P,0.26513,1.16486,True,0.63452,83.19,270,1
ref001_A,A,166,C,0.00599,-1.58685,False,0.00000,93.19,270,1
ref001_A,A,167,S,0.08772,-0.71899,False,0.33977,95.12,270,1
ref001_A,A,168,K,0.20691,0.54664,False,0.76932,95.12,270,1
ref001_A,A,169,G,0.19470,0.41699,False,0.88152,95.19,270,1
ref001_A,A,170,S,0.16339,0.08452,False,0.58122,95.38,270,1
ref001_A,A,171,P,0.06965,-0.91087,False,0.43152,96.69,270,1
ref001_A,A,172,C,0.08892,-0.70625,False,0.10079,96.88,270,1
ref001_A,A,173,V,0.16834,0.13708,False,0.65408,98.12,270,1
ref001_A,A,174,G,0.06212,-0.99083,False,0.07564,97.12,270,1
ref001_A,A,175,Q,0.27449,1.26425,True,0.28320,98.38,270,1
ref001_A,A,176,L,0.00696,-1.57655,False,0.00000,98.44,270,1
ref001_A,A,177,T,0.28812,1.40898,True,0.13163,98.5,270,1
ref001_A,A,178,Y,0.27387,1.25767,True,0.29974,98.44,270,1
ref001_A,A,179,Y,0.30708,1.61031,True,0.16519,98.06,270,1
ref001_A,A,180,D,0.23603,0.85586,False,0.59808,97.62,270,1
ref001_A,A,181,T,0.09757,-0.61440,False,0.08645,97.94,270,1
ref001_A,A,182,A,0.13999,-0.16396,False,0.19046,97.25,270,1
ref001_A,A,183,T,0.32091,1.75717,True,0.76918,97.19,270,1
ref001_A,A,184,S,0.26115,1.12260,True,0.36805,96.94,270,1
ref001_A,A,185,A,0.28947,1.42332,True,0.82796,96.19,270,1
ref001_A,A,186,S,0.35713,2.14178,True,0.83752,97.19,270,1
ref001_A,A,187,A,0.26416,1.15456,True,0.62102,96.19,270,1
ref001_A,A,188,P,0.18837,0.34977,False,0.48175,97.31,270,1
ref001_A,A,189,S,0.11524,-0.42677,False,0.07465,97.5,270,1
ref001_A,A,190,S,0.26374,1.15010,True,0.47553,97.62,270,1
ref001_A,A,191,C,0.10991,-0.48336,False,0.18189,97.88,270,1
ref001_A,A,192,G,0.30216,1.55807,True,0.59772,97.38,270,1
ref001_A,A,193,L,0.22872,0.77824,False,0.52594,95.88,270,1
ref001_A,A,194,T,0.34928,2.05842,True,0.44881,97.75,270,1
ref001_A,A,195,N,0.24813,0.98434,True,0.13116,97.62,270,1
ref001_A,A,196,D,0.28379,1.36300,True,0.41857,97.62,270,1
ref001_A,A,197,G,0.14170,-0.14580,False,0.05796,97.38,270,1
ref001_A,A,198,F,0.27868,1.30874,True,0.75509,97.94,270,1
ref001_A,A,199,S,0.25084,1.01312,True,0.48635,98.12,270,1
ref001_A,A,200,E,0.15753,0.02230,False,0.35595,98.38,270,1
ref001_A,A,201,N,0.07817,-0.82040,False,0.26585,98.56,270,1
ref001_A,A,202,V,0.04735,-1.14767,False,0.03332,98.69,270,1
ref001_A,A,203,V,0.00193,-1.62996,False,0.00000,98.62,270,1
ref001_A,A,204,A,0.04990,-1.12059,False,0.01913,98.5,270,1
ref001_A,A,205,L,0.00429,-1.60490,False,0.00165,98.25,270,1
ref001_A,A,206,P,0.01108,-1.53280,False,0.00398,97.12,270,1
ref001_A,A,207,V,0.31777,1.72383,True,0.43912,95.5,270,1
ref001_A,A,208,G,0.34924,2.05799,True,0.85322,93.5,270,1
ref001_A,A,209,I,0.24618,0.96364,True,0.22307,92.88,270,1
ref001_A,A,210,M,0.23374,0.83154,False,0.06979,94.88,270,1
ref001_A,A,211,T,0.24742,0.97680,True,0.54117,95.25,270,1
ref001_A,A,212,D,0.30062,1.54172,True,0.75192,94.19,270,1
ref001_A,A,213,A,0.20266,0.50151,False,0.69646,95.06,270,1
ref001_A,A,214,D,0.07438,-0.86064,False,0.04080,95.38,270,1
ref001_A,A,215,C,0.09240,-0.66930,False,0.30622,97.75,270,1
ref001_A,A,216,G,0.09026,-0.69202,False,0.56398,97.25,270,1
ref001_A,A,217,K,0.17292,0.18572,False,0.39132,96.88,270,1
ref001_A,A,218,T,0.12416,-0.33205,False,0.34478,97.94,270,1
ref001_A,A,219,V,0.00335,-1.61489,False,0.00000,98.0,270,1
ref001_A,A,220,T,0.07557,-0.84801,False,0.09309,98.44,270,1
ref001_A,A,221,I,0.00639,-1.58261,False,0.00000,98.56,270,1
ref001_A,A,222,T,0.11069,-0.47508,False,0.32963,98.44,270,1
ref001_A,A,223,Y,0.23752,0.87168,False,0.15975,98.38,270,1
ref001_A,A,224,N,0.24797,0.98264,True,0.77263,97.06,270,1
ref001_A,A,225,G,0.22262,0.71346,False,0.90434,97.25,270,1
ref001_A,A,226,I,0.18981,0.36506,False,0.41998,98.12,270,1
ref001_A,A,227,T,0.21145,0.59485,False,0.54140,98.31,270,1
ref001_A,A,228,K,0.18686,0.33374,False,0.34063,98.56,270,1
ref001_A,A,229,T,0.15182,-0.03834,False,0.50692,98.56,270,1
ref001_A,A,230,A,0.02219,-1.41483,False,0.01403,98.44,270,1
ref001_A,A,231,T,0.12251,-0.34957,False,0.31018,98.56,270,1
ref001_A,A,232,V,0.00367,-1.61149,False,0.00000,98.31,270,1
ref001_A,A,233,V,0.02967,-1.33540,False,0.01428,98.31,270,1
ref001_A,A,234,D,0.27757,1.29696,True,0.14872,98.25,270,1
ref001_A,A,235,K,0.27190,1.23675,True,0.24782,97.56,270,1
ref001_A,A,236,C,0.18591,0.32365,False,0.09198,97.88,270,1
ref001_A,A,237,M,0.38775,2.46692,True,0.67059,97.0,270,1
ref001_A,A,238,G,0.44174,3.04022,True,0.89706,95.5,270,1
ref001_A,A,239,C,0.24558,0.95727,True,0.15262,96.88,270,1
ref001_A,A,240,K,0.28395,1.36470,True,0.67712,96.12,270,1
ref001_A,A,241,P,0.34542,2.01743,True,0.64053,94.44,270,1
ref001_A,A,242,T,0.09083,-0.68597,False,0.33566,96.25,270,1
ref001_A,A,243,D,0.13414,-0.22607,False,0.05588,97.94,270,1
ref001_A,A,244,L,0.00665,-1.57984,False,0.00305,98.31,270,1
ref001_A,A,245,D,0.23368,0.83090,False,0.12618,98.31,270,1
ref001_A,A,246,A,0.00519,-1.59535,False,0.00000,98.62,270,1
ref001_A,A,247,S,0.00631,-1.58346,False,0.00000,98.62,270,1
ref001_A,A,248,R,0.20741,0.55195,False,0.31693,98.56,270,1
ref001_A,A,249,H,0.13842,-0.18063,False,0.31997,98.62,270,1
ref001_A,A,250,L,0.00346,-1.61372,False,0.00000,98.62,270,1
ref001_A,A,251,F,0.00489,-1.59853,False,0.00000,98.69,270,1
ref001_A,A,252,G,0.26836,1.19916,True,0.45766,98.44,270,1
ref001_A,A,253,E,0.16684,0.12115,False,0.28015,98.25,270,1
ref001_A,A,254,L,0.09677,-0.62289,False,0.04751,98.06,270,1
ref001_A,A,255,A,0.16178,0.06742,False,0.15600,97.75,270,1
ref001_A,A,256,D,0.39007,2.49155,True,0.61771,97.56,270,1
ref001_A,A,257,F,0.48680,3.51869,True,0.46485,97.19,270,1
ref001_A,A,258,S,0.47963,3.44256,True,0.80789,97.06,270,1
ref001_A,A,259,A,0.26142,1.12547,True,0.49748,96.25,270,1
ref001_A,A,260,G,0.34522,2.01531,True,0.39886,94.06,270,1
ref001_A,A,261,R,0.44950,3.12262,True,0.50092,97.69,270,1
ref001_A,A,262,I,0.14173,-0.14548,False,0.03120,98.0,270,1
ref001_A,A,263,D,0.34639,2.02773,True,0.64752,97.94,270,1
ref001_A,A,264,G,0.11340,-0.44631,False,0.53583,97.12,270,1
ref001_A,A,265,M,0.00357,-1.61255,False,0.00000,98.0,270,1
ref001_A,A,266,S,0.16075,0.05649,False,0.21555,98.25,270,1
ref001_A,A,267,W,0.01260,-1.51666,False,0.00119,98.12,270,1
ref001_A,A,268,Y,0.10080,-0.58010,False,0.19023,97.5,270,1
ref001_A,A,269,F,0.02241,-1.41250,False,0.04333,96.25,270,1
ref001_A,A,270,N,0.08397,-0.75881,False,0.56321,93.62,270,1
