Accession,Residue,BepiPred-3.0 score,BepiPred-3.0 linear epitope score
ref001_0001,M,0.06846698373556137, 0.03741511247224278
ref001_0001,A,0.07671689242124557, 0.0436064749956131
ref001_0001,P,0.09880603849887848, 0.047773565683099956
ref001_0001,I,0.05024644732475281, 0.05006605697174867
ref001_0001,F,0.04249965026974678, 0.05186760135822826
ref001_0001,K,0.05572226271033287, 0.04600582209726175
ref001_0001,S,0.037503816187381744, 0.039341010774175324
ref001_0001,L,0.020632421597838402, 0.031002879556682374
ref001_0001,A,0.016213899478316307, 0.027142689563333988
ref001_0001,L,0.015710970386862755, 0.023920848965644836
ref001_0001,V,0.01673359051346779, 0.020733896642923355
ref001_0001,S,0.023762857541441917, 0.01967269078724914
ref001_0001,A,0.015504737384617329, 0.019972176394528814
ref001_0001,L,0.013503084890544415, 0.021888351688782375
ref001_0001,F,0.02703969180583954, 0.024016451297534838
ref001_0001,A,0.02795296348631382, 0.028314862607253924
ref001_0001,A,0.023327792063355446, 0.02867131307721138
ref001_0001,I,0.03345947712659836, 0.03301361399806208
ref001_0001,S,0.03486386686563492, 0.04116253223684099
ref001_0001,S,0.05541929230093956, 0.0477177028854688
ref001_0001,A,0.026970911771059036, 0.06336537479526466
ref001_0001,A,0.054585445672273636, 0.07815888068742222
ref001_0001,P,0.0868433490395546, 0.09169560463892089
ref001_0001,V,0.08603622764348984, 0.1056934284667174
ref001_0001,N,0.16878201067447662, 0.13118078890773985
ref001_0001,L,0.15646934509277344, 0.15195469599631098
ref001_0001,D,0.15528999269008636, 0.16943865517775217
ref001_0001,K,0.16084428131580353, 0.18505345698859957
ref001_0001,R,0.2848055362701416, 0.19483151700761583
ref001_0001,E,0.21393607556819916, 0.19416508078575134
ref001_0001,V,0.21194107830524445, 0.2008608662419849
ref001_0001,D,0.2273765653371811, 0.20252651969591776
ref001_0001,V,0.17403876781463623, 0.199767475326856
ref001_0001,V,0.16278408467769623, 0.18493090404404533
ref001_0001,W,0.21673141419887543, 0.17896219260162777
ref001_0001,T,0.17028087377548218, 0.16936643090513018
ref001_0001,T,0.13601288199424744, 0.15959805084599388
ref001_0001,V,0.1512763947248459, 0.15516492393281725
ref001_0001,T,0.16021767258644104, 0.153710146745046
ref001_0001,T,0.12557922303676605, 0.14437316192520988
ref001_0001,V,0.13946114480495453, 0.1379697306288613
ref001_0001,V,0.13414062559604645, 0.13895119561089408
ref001_0001,W,0.14969108998775482, 0.14113498396343654
ref001_0001,T,0.13269855082035065, 0.13767186138365003
ref001_0001,T,0.11264999210834503, 0.1360838520858023
ref001_0001,I,0.14484606683254242, 0.13309913708104026
ref001_0001,D,0.17093048989772797, 0.12785584645138848
ref001_0001,V,0.12904956936836243, 0.12205522590213352
ref001_0001,T,0.11128713935613632, 0.1278996037112342
ref001_0001,T,0.1125987097620964, 0.1298736251062817
ref001_0001,T,0.08695100992918015, 0.12731029755539364
ref001_0001,I,0.0974855050444603, 0.13161194490061867
ref001_0001,Y,0.18529795110225677, 0.14433052142461142
ref001_0001,P,0.13041618466377258, 0.1478611653049787
ref001_0001,T,0.12177611887454987, 0.16209889782799614
ref001_0001,P,0.2096453160047531, 0.16911637369129393
ref001_0001,Q,0.24351675808429718, 0.17994035283724466
ref001_0001,A,0.14306293427944183, 0.18557187583711413
ref001_0001,P,0.24073830246925354, 0.1904429147640864
ref001_0001,T,0.15010829269886017, 0.1971633964114719
ref001_0001,P,0.19490131735801697, 0.20209001666969723
ref001_0001,P,0.23598165810108185, 0.19996967249446446
ref001_0001,V,0.17425553500652313, 0.20606038802199894
ref001_0001,V,0.1822604537010193, 0.20303664439254338
ref001_0001,E,0.25398489832878113, 0.2096809297800064
ref001_0001,S,0.22443366050720215, 0.21195799277888405
ref001_0001,T,0.1978793740272522, 0.20787360933091906
ref001_0001,P,0.21352460980415344, 0.21491591135660806
ref001_0001,T,0.20990686118602753, 0.22169289820724064
ref001_0001,P,0.21539488434791565, 0.21250344647301567
ref001_0001,T,0.19922220706939697, 0.21080952054924434
ref001_0001,P,0.2376362532377243, 0.21290668348471323
ref001_0001,S,0.24325333535671234, 0.22205359240372977
ref001_0001,A,0.17127983272075653, 0.2282882167233361
ref001_0001,A,0.2091883271932602, 0.22882741358545092
ref001_0001,P,0.21675384044647217, 0.23752552602026197
ref001_0001,E,0.2958467900753021, 0.23733731607596079
ref001_0001,Q,0.26601848006248474, 0.23656760487291548
ref001_0001,A,0.22024765610694885, 0.24784700406922233
ref001_0001,E,0.27750521898269653, 0.2514858427974913
ref001_0001,P,0.23594236373901367, 0.25279825263553196
ref001_0001,I,0.2363259345293045, 0.24676485690805647
ref001_0001,E,0.2727944254875183, 0.24335510200924343
ref001_0001,T,0.24193787574768066, 0.24459808402591282
ref001_0001,S,0.2285655289888382, 0.24359871281517875
ref001_0001,T,0.24154622852802277, 0.2439903136756685
ref001_0001,Q,0.23533068597316742, 0.24094149635897744
ref001_0001,P,0.23143449425697327, 0.24278534286552006
ref001_0001,E,0.2685108780860901, 0.2409193366765976
ref001_0001,T,0.23946677148342133, 0.24113773140642378
ref001_0001,T,0.20888657867908478, 0.24320455392201742
ref001_0001,K,0.289389044046402, 0.2434177812602785
ref001_0001,S,0.22514382004737854, 0.2432608488533232
ref001_0001,Q,0.23053108155727386, 0.23967746727996403
ref001_0001,P,0.2601476311683655, 0.23662049074967703
ref001_0001,T,0.2372497320175171, 0.23293575478924644
ref001_0001,Q,0.2300221025943756, 0.22493739426136017
ref001_0001,P,0.23626044392585754, 0.22146064539750418
ref001_0001,S,0.21195398271083832, 0.21799279914961922
ref001_0001,V,0.17572395503520966, 0.2105470597743988
ref001_0001,A,0.21740379929542542, 0.20265300571918488
ref001_0001,T,0.19385308027267456, 0.20481346382035148
ref001_0001,F,0.1993204653263092, 0.20266463359196982
ref001_0001,I,0.19313597679138184, 0.20950115223725638
ref001_0001,P,0.16620324552059174, 0.21874667207400003
ref001_0001,V,0.24946622550487518, 0.22062747677167258
ref001_0001,A,0.21692097187042236, 0.22277254859606424
ref001_0001,A,0.27348265051841736, 0.22174107200569576
ref001_0001,A,0.2589336335659027, 0.2201549725400077
ref001_0001,A,0.23433104157447815, 0.22585887213548025
ref001_0001,A,0.2131587266921997, 0.21850420700179207
ref001_0001,A,0.19003717601299286, 0.2144080119000541
ref001_0001,A,0.1788610816001892, 0.2047568675544527
ref001_0001,D,0.21753834187984467, 0.19947787291473812
ref001_0001,S,0.18327423930168152, 0.19902600016858843
ref001_0001,A,0.18005521595478058, 0.2024712496333652
ref001_0001,A,0.18662235140800476, 0.21500610477394527
ref001_0001,P,0.21142268180847168, 0.2257717235220803
ref001_0001,I,0.23026418685913086, 0.2300563289059533
ref001_0001,P,0.24416597187519073, 0.23248797489537132
ref001_0001,E,0.3028508722782135, 0.24116116099887425
ref001_0001,E,0.27575165033340454, 0.2529752453168233
ref001_0001,P,0.25609979033470154, 0.25373149911562604
ref001_0001,A,0.2051590532064438, 0.25684989160961574
ref001_0001,P,0.25811389088630676, 0.2545413507355584
ref001_0001,Q,0.2929491102695465, 0.24893455704053244
ref001_0001,P,0.21822896599769592, 0.24235635499159494
ref001_0001,A,0.25832971930503845, 0.23398060268825954
ref001_0001,T,0.22338910400867462, 0.23653271959887612
ref001_0001,T,0.25238972902297974, 0.23538372913996378
ref001_0001,A,0.21654783189296722, 0.22828851309087542
ref001_0001,A,0.18071801960468292, 0.2308225068781111
ref001_0001,P,0.2281281054019928, 0.23067354493670994
ref001_0001,S,0.2477729767560959, 0.2317531257867813
ref001_0001,T,0.22909216582775116, 0.23352061874336666
ref001_0001,S,0.24103491008281708, 0.23967150184843275
ref001_0001,T,0.256989061832428, 0.24028545949194166
ref001_0001,T,0.23310533165931702, 0.23406857086552513
ref001_0001,T,0.2682971656322479, 0.23789373371336195
ref001_0001,Q,0.271905779838562, 0.24269798894723257
ref001_0001,A,0.18624363839626312, 0.23811062508159214
ref001_0001,A,0.17217610776424408, 0.2374152872297499
ref001_0001,P,0.2821994423866272, 0.24371786250008476
ref001_0001,S,0.27233046293258667, 0.24022676712936825
ref001_0001,A,0.19974863529205322, 0.23023179835743374
ref001_0001,P,0.2507310211658478, 0.23849494092994267
ref001_0001,P,0.28982850909233093, 0.24402670893404219
ref001_0001,A,0.23687730729579926, 0.2357917825380961
ref001_0001,A,0.18195106089115143, 0.2323949999279446
ref001_0001,N,0.2606119215488434, 0.23429054187403786
ref001_0001,S,0.22196201980113983, 0.23205574684672886
ref001_0001,G,0.2080851048231125, 0.22888374659750196
ref001_0001,S,0.24175941944122314, 0.22156919042269388
ref001_0001,T,0.2168085128068924, 0.2172514084312651
ref001_0001,E,0.23061786592006683, 0.21000799702273476
ref001_0001,K,0.26128050684928894, 0.20461393064922756
ref001_0001,A,0.17104630172252655, 0.20146976742479536
ref001_0001,A,0.14309102296829224, 0.20502257512675393
ref001_0001,S,0.1954212188720703, 0.19900407393773398
ref001_0001,S,0.1734154224395752, 0.19578388002183703
ref001_0001,G,0.17978763580322266, 0.18726331492265066
ref001_0001,Y,0.2737346887588501, 0.18314463231298658
ref001_0001,S,0.1626420021057129, 0.1800731031431092
ref001_0001,G,0.20163612067699432, 0.1851278899444474
ref001_0001,P,0.18459542095661163, 0.19131160527467728
ref001_0001,C,0.13397815823554993, 0.19409197982814577
ref001_0001,S,0.1154472604393959, 0.18785393817557228
ref001_0001,K,0.24091430008411407, 0.17872722778055403
ref001_0001,G,0.22906886041164398, 0.17761185434129503
ref001_0001,S,0.2048110067844391, 0.1610372376938661
ref001_0001,P,0.21759231388568878, 0.16523611173033714
ref001_0001,C,0.08050160855054855, 0.1560685464905368
ref001_0001,V,0.19159775972366333, 0.1457244964937369
ref001_0001,G,0.035423871129751205, 0.14928215369582176
ref001_0001,Q,0.17176802456378937, 0.13921320396992895
ref001_0001,L,0.03293917328119278, 0.1318777066965898
ref001_0001,T,0.14781785011291504, 0.13667809259560373
ref001_0001,Y,0.2610877752304077, 0.13134238744775453
ref001_0001,Y,0.11419045925140381, 0.14752090142832863
ref001_0001,D,0.1515728384256363, 0.14040119532081816
ref001_0001,T,0.12370508164167404, 0.154741656449106
ref001_0001,A,0.14357641339302063, 0.161698117852211
ref001_0001,T,0.1810304969549179, 0.1503760682211982
ref001_0001,S,0.10769066959619522, 0.16095589266883004
ref001_0001,A,0.1620033234357834, 0.16678711440828112
ref001_0001,S,0.21042600274085999, 0.17362879465023676
ref001_0001,A,0.15918932855129242, 0.1695880045493444
ref001_0001,P,0.20940887928009033, 0.16589206457138062
ref001_0001,S,0.2040538340806961, 0.1775848161843088
ref001_0001,S,0.1852802038192749, 0.18595096717278162
ref001_0001,C,0.10720930248498917, 0.1846954979830318
ref001_0001,G,0.14776703715324402, 0.18581379701693854
ref001_0001,L,0.21292543411254883, 0.17753012892272738
ref001_0001,T,0.23729868233203888, 0.1920721141828431
ref001_0001,N,0.19912678003311157, 0.19535800235139
ref001_0001,D,0.16925401985645294, 0.20363551874955496
ref001_0001,G,0.13485586643218994, 0.20030048572354847
ref001_0001,F,0.33493170142173767, 0.1856769753826989
ref001_0001,S,0.2148531973361969, 0.16074944008141756
ref001_0001,E,0.18170695006847382, 0.14939540510790217
ref001_0001,N,0.11775173991918564, 0.13306388455546564
ref001_0001,V,0.0813138410449028, 0.13013600423518154
ref001_0001,V,0.012950864620506763, 0.11327509861439466
ref001_0001,A,0.09694046527147293, 0.11219327431172132
ref001_0001,L,0.022270334884524345, 0.10735771836092074
ref001_0001,P,0.10850494354963303, 0.1079031778499484
ref001_0001,V,0.18318355083465576, 0.1186820561480191
ref001_0001,G,0.20511677861213684, 0.1395117323845625
ref001_0001,I,0.13818694651126862, 0.15006115101277828
ref001_0001,M,0.12266087532043457, 0.15889824595716265
ref001_0001,T,0.17832374572753906, 0.15446437315808403
ref001_0001,D,0.20041795074939728, 0.14677909347746107
ref001_0001,A,0.19188523292541504, 0.14589407046635947
ref001_0001,D,0.10180418938398361, 0.14542538258764479
ref001_0001,C,0.06860008835792542, 0.13391780563526684
ref001_0001,G,0.11401603370904922, 0.12385808966226047
ref001_0001,K,0.1971515715122223, 0.10372105427086353
ref001_0001,T,0.1339687556028366, 0.09713545131186645
ref001_0001,V,0.019092682749032974, 0.09488992993202475
ref001_0001,T,0.08778630197048187, 0.11074832847548856
ref001_0001,I,0.01918463222682476, 0.11538806412782934
ref001_0001,T,0.13261480629444122, 0.11919228422145049
ref001_0001,Y,0.08159449696540833, 0.12322882500787576
ref001_0001,N,0.21132567524909973, 0.13086709028316867
ref001_0001,G,0.15577365458011627, 0.1412811210999886
ref001_0001,I,0.23138955235481262, 0.14125161887043053
ref001_0001,T,0.17029762268066406, 0.13691949368351036
ref001_0001,K,0.08783707022666931, 0.1322850976139307
ref001_0001,T,0.18151257932186127, 0.11822295457952553
ref001_0001,A,0.018919112160801888, 0.1186316321707434
ref001_0001,T,0.09362567961215973, 0.11183862491614288
ref001_0001,V,0.03988493233919144, 0.10877057020035055
ref001_0001,V,0.08476638793945312, 0.1288190693077114
ref001_0001,D,0.15945175290107727, 0.12044318289392525
ref001_0001,K,0.1702524870634079, 0.12613553553819656
ref001_0001,C,0.14268513023853302, 0.13783548689550823
ref001_0001,M,0.26827356219291687, 0.15485648148589665
ref001_0001,G,0.10612960159778595, 0.15828491664595074
ref001_0001,C,0.07015028595924377, 0.1535505089494917
ref001_0001,K,0.19892524182796478, 0.13615230305327308
ref001_0001,P,0.19307388365268707, 0.1263769165509277
ref001_0001,T,0.11562230437994003, 0.09782734958248006
ref001_0001,D,0.11684208363294601, 0.09191830114771922
ref001_0001,L,0.013668633997440338, 0.10462690713918871
ref001_0001,D,0.05470665171742439, 0.09589231997314426
ref001_0001,A,0.01132745947688818, 0.07628568437778288
ref001_0001,S,0.05294816568493843, 0.06824321061786678
ref001_0001,R,0.18452773988246918, 0.07750880314658086
ref001_0001,H,0.12031395733356476, 0.10582349873665306
ref001_0001,L,0.016614163294434547, 0.1058884524843759
ref001_0001,F,0.04324004054069519, 0.11084362967974609
ref001_0001,G,0.20023241639137268, 0.12231750848392646
ref001_0001,E,0.2685008943080902, 0.13623624108731747
ref001_0001,L,0.05529123544692993, 0.15564963118069702
ref001_0001,A,0.055924054235219955, 0.1750960312783718
ref001_0001,D,0.15621307492256165, 0.18286560848355293
ref001_0001,F,0.3097963333129883, 0.18348219866553941
ref001_0001,S,0.2950344681739807, 0.16057015624311236
ref001_0001,A,0.1916317641735077, 0.1834414021836387
ref001_0001,G,0.11316623538732529, 0.19461311606897247
ref001_0001,R,0.2057817280292511, 0.18047189650436243
ref001_0001,I,0.06229251250624657, 0.17283033434715536
ref001_0001,D,0.26113244891166687, 0.14585615922179487
ref001_0001,G,0.15646947920322418, 0.14334461320605543
ref001_0001,M,0.02894209884107113, 0.13714879730509388
ref001_0001,S,0.2410222738981247, 0.12348015089001921
ref001_0001,W,0.05226689204573631, 0.11655876061154737
ref001_0001,Y,0.16902785003185272, 0.0875440440658066
ref001_0001,F,0.057403892278671265, 0.07015854637655947
ref001_0001,N,0.0827639102935791, 0.06694275761644046